{
	"Description": "Deploy an Ubuntu 16 Image with Networking details from CM",
	"Metadata": {
		"AWS::CloudFormation::Interface": {
			"ParameterGroups": [{
					"Parameters": [
						"VpcID",
						"SubnetID",
						"SecurityGroupId"
					]
				}
			]
		},
		"SNC::Parameter::Metadata": {
            "SubnetID":{
                     "datasource":"ServiceNow::Pools::SubnetPool.getByNetwork",
                      "datasourceFilter":{"Network":"VpcID"}
            },
            "VpcID":{
                     "datasource":"ServiceNow::Pools::NetworkPool.getObjectsByLDC"
            },
            "SecurityGroupId":{
                     "datasource":"ServiceNow::Pools::SecurityGroupPool.getByNetwork",
                     "datasourceFilter":{"Network":"VpcID"}
            }
        }
	},
	"Parameters": {
		
        "AWSInstanceName": {
            "Description": "Please enter a name for the AWS Instance",
            "Type":"String"
        },
        "VpcID": {
			"Description": "Choose the VPC Id from the list of options",
			"Type": "List<AWS::EC2::VPC::Id>",
                        "Default": "vpc-1b0a757d"
		},
		"SubnetID": {
			"Description": "Choose the Subnet Id from the list of options",
			"Type": "List<AWS::EC2::Subnet::Id>",
                        "Default": "subnet-a69eb38b"
		},
		"SecurityGroupId": {
			"Description": "Choose the Security Group Id from the list of options",
			"Type": "List<AWS::EC2::SecurityGroup::Id>",
                        "Default": "sg-cf7680bd"
        },
        "InstanceKeyName": {
			"Description": "Name of an existing EC2 KeyPair to enable SSH access to the instances",
			"Type": "AWS::EC2::KeyPair::KeyName",
                        "Default" : "StudentLabKey"
        }

    },
    
    "Resources": {    
		"AWSInstance": {
			"Type": "AWS::EC2::Instance",
			"Properties": {
                "ImageId": "ami-0f9cf087c1f27d9b1",
                "InstanceType": "t1.micro",
                "KeyName" : { "Ref" : "InstanceKeyName" },
                "NetworkInterfaces": [ {
                "AssociatePublicIpAddress": "true",
                "DeviceIndex": "0",
                "GroupSet": [{ "Ref" : "SecurityGroupId" }],
                "SubnetId": { "Ref" : "SubnetID" }} ],
                "Tags" : [{ "Key" : "Name", "Value" : {"Ref" : "AWSInstanceName"}}],
                "UserData" : {
                    "Fn::Base64" : {"Fn::Join" : ["", [
                        "#!/bin/bash \n",
                        "#install Apache Web Server on Ubuntu 16 LTS",
                        "#update repositories on server",
                        "sudo apt-get -y update \n",
                        "sudo apt-get install -y wget \n",
                        "sudo wget -O - https://raw.githubusercontent.com/servicenowcmf/shellscripts/master/installwebsite.sh | bash"
                        ] ] }}
            }
		}
		}
    }