{
    "AWSTemplateFormatVersion": "2010-09-09",
    "Description": "AWS Ubuntu 22 LTS w Apache v3.na",
    
    "Parameters" : {
        "AWSInstanceName": {
        "Description" : "Enter the name of your Instance",
        "Type": "String",
        "MinLength": "3",
        "MaxLength": "30"
        },
        "MyNetwork" : {
            "Description" : "The Network to the EC2 instances",
            "Type": "String"
         },
        "PublicSubnet" : {
        "Description" : "Please enter the details for the subnet the instance will be launched in",
        "Type" : "String"
        }
       
        
        
    },

    "Metadata": {
        
        "Comment": "The values for the Parameters MyKeyName, MyNetwork and PublicSubnet, are populated by Resource Pools in ServiceNow",

        "SNC::Parameter::Metadata": {
             
            "MyNetwork":{
                "datasource":"ServiceNow::Pools::NetworkPool.getObjectsByLDC"
            },
            "PublicSubnet":{
                "datasource":"ServiceNow::Pools::SubnetPool.getObjectsByNetwork",
                "datasourceFilter":{"Network":"MyNetwork"}
            }                                    
        }
    },
    
    
    "Resources": {
        "MyEC2Instance": {
            "Type": "AWS::EC2::Instance",
            "Properties": {
                "ImageId": "ami-052efd3df9dad4825",
                "InstanceType": "t1.micro",
                "KeyName" : "StudentLabKey",
                "NetworkInterfaces": [ {
                "AssociatePublicIpAddress": "true",
                "DeviceIndex": "0",
                "GroupSet": ["sg-07735b313d7bfce3b"],
                "SubnetId": { "Ref" : "PublicSubnet" }} ],
                "Tags" : [{ "Key" : "Name", "Value" : {"Ref" : "AWSInstanceName"}}],
                "UserData" : {
                    "Fn::Base64" : {"Fn::Join" : ["", [
                        "#!/bin/bash \n",
                        "#install Apache Web Server on Ubuntu 16 LTS",
                        "#update repositories on server",
                        "sudo apt-get -y update \n",
                        "sudo apt-get install -y wget \n",
                        "sudo wget -O - https://raw.githubusercontent.com/servicenowcmf/shellscripts/master/installwebsite2.sh | bash"
                        ] ] }}
            }
            
        }
    }

}