{
  "$schema": "https://schema.management.azure.com/schemas/2015-01-01/deploymentTemplate.json#",
  "contentVersion": "1.0.0.0",
  "parameters": {
    
    "threeLettersFirstnameLastname" : {
      "type": "string",
      "metadata" : {
        "description" : "For the uniqueness of your Stack, in lowercase please enter the first three letters of your firstname and the first three letters of your last name"
      }
    },


    "adminUsername": {
      "type": "string",
      "metadata": {
        "description": "User name for the Virtual Machine."
      }
    },
    "adminPassword": {
      "type": "securestring",
      "metadata": {
        "description": "Password for the Virtual Machine."
      }
    },
    
    "ubuntuOSVersion": {
      "type": "string",
      "defaultValue": "16.04.0-LTS",
      "allowedValues": [
        "16.04.0-LTS"
      ],
      "metadata": {
        "description": "The Ubuntu version for the VM. This will pick a fully patched image of this given Ubuntu version. Allowed values: 12.04.5-LTS, 14.04.2-LTS, 15.10."
      }
    }
  },
  "variables": {
    "imagePublisher": "Canonical",
    "imageOffer": "UbuntuServer",
    "dnsNameForPublicIP" : "[concat(parameters('threeLettersFirstnameLastname'), uniquestring(resourceGroup().id))]",
    "OSDiskName": "[concat(parameters('threeLettersFirstnameLastname'), 'osdisklnxsimple')]",
    "nicName": "[concat(parameters('threeLettersFirstnameLastname'), 'VMnic')]",
    "addressPrefix": "10.0.0.0/16",
    "subnetName": "[concat(parameters('threeLettersFirstnameLastname'), 'Subnet')]",
    "subnetPrefix": "10.0.0.0/24",
    "storageAccountType": "Standard_LRS",
    "storageAccountName": "[concat(parameters('threeLettersFirstnameLastname'),'sa', uniquestring(resourceGroup().id))]",
    "publicIPAddressName": "[concat(parameters('threeLettersFirstnameLastname'), 'PublicIP')]",
    "publicIPAddressType": "Dynamic",
    "vmStorageAccountContainerName": "[concat(parameters('threeLettersFirstnameLastname'), 'vhds')]",
    "vmName": "[concat(parameters('threeLettersFirstnameLastname'), 'UbuntuWeb', uniquestring(resourceGroup().id))]",
    "vmSize": "Standard_A0",
    "virtualNetworkName": "[concat(parameters('threeLettersFirstnameLastname'), 'VNET', uniquestring(resourceGroup().id))]",
    "vnetID": "[resourceId('Microsoft.Network/virtualNetworks',variables('virtualNetworkName'))]",
    "subnetRef": "[concat(variables('vnetID'),'/subnets/',variables('subnetName'))]"
  },
  "resources": [
    {
      "type": "Microsoft.Storage/storageAccounts",
      "name": "[variables('storageAccountName')]",
      "apiVersion": "2015-05-01-preview",
      "location": "[resourceGroup().location]",
      "properties": {
        "accountType": "[variables('storageAccountType')]"
      }
    },
    {
      "apiVersion": "2015-05-01-preview",
      "type": "Microsoft.Network/publicIPAddresses",
      "name": "[variables('publicIPAddressName')]",
      "location": "[resourceGroup().location]",
      "properties": {
        "publicIPAllocationMethod": "[variables('publicIPAddressType')]",
        "dnsSettings": {
          "domainNameLabel": "[variables('dnsNameForPublicIP')]"
        }
      }
    },
    {
      "apiVersion": "2015-05-01-preview",
      "type": "Microsoft.Network/virtualNetworks",
      "name": "[variables('virtualNetworkName')]",
      "location": "[resourceGroup().location]",
      "properties": {
        "addressSpace": {
          "addressPrefixes": [
            "[variables('addressPrefix')]"
          ]
        },
        "subnets": [
          {
            "name": "[variables('subnetName')]",
            "properties": {
              "addressPrefix": "[variables('subnetPrefix')]"
            }
          }
        ]
      }
    },
    {
      "apiVersion": "2015-05-01-preview",
      "type": "Microsoft.Network/networkInterfaces",
      "name": "[variables('nicName')]",
      "location": "[resourceGroup().location]",
      "dependsOn": [
        "[concat('Microsoft.Network/publicIPAddresses/', variables('publicIPAddressName'))]",
        "[concat('Microsoft.Network/virtualNetworks/', variables('virtualNetworkName'))]"
      ],
      "properties": {
        "ipConfigurations": [
          {
            "name": "ipconfig1",
            "properties": {
              "privateIPAllocationMethod": "Dynamic",
              "publicIPAddress": {
                "id": "[resourceId('Microsoft.Network/publicIPAddresses',variables('publicIPAddressName'))]"
              },
              "subnet": {
                "id": "[variables('subnetRef')]"
              }
            }
          }
        ]
      }
    },
    {
      "apiVersion": "2015-05-01-preview",
      "type": "Microsoft.Compute/virtualMachines",
      "name": "[variables('vmName')]",
      "location": "[resourceGroup().location]",
      "dependsOn": [
        "[concat('Microsoft.Storage/storageAccounts/', variables('storageAccountName'))]",
        "[concat('Microsoft.Network/networkInterfaces/', variables('nicName'))]"
      ],
      "properties": {
        "hardwareProfile": {
          "vmSize": "[variables('vmSize')]"
        },
        "osProfile": {
          "computerName": "[variables('vmName')]",
          "adminUsername": "[parameters('adminUsername')]",
          "adminPassword": "[parameters('adminPassword')]"
        },
        "storageProfile": {
          "imageReference": {
            "publisher": "[variables('imagePublisher')]",
            "offer": "[variables('imageOffer')]",
            "sku": "[parameters('ubuntuOSVersion')]",
            "version": "latest"
          },
          "osDisk": {
            "name": "osdisk",
            "vhd": {
              "uri": "[concat('http://',variables('storageAccountName'),'.blob.core.windows.net/',variables('vmStorageAccountContainerName'),'/',variables('OSDiskName'),'.vhd')]"
            },
            "caching": "ReadWrite",
            "createOption": "FromImage"
          }
        },
        "networkProfile": {
          "networkInterfaces": [
            {
              "id": "[resourceId('Microsoft.Network/networkInterfaces',variables('nicName'))]"
            }
          ]
        }
      }
    },
    {
      "type": "Microsoft.Compute/virtualMachines/extensions",
      "name": "[concat(variables('vmName'),'/newuserscript')]",
      "apiVersion": "2015-05-01-preview",
      "location": "[resourceGroup().location]",
      "dependsOn": [
        "[concat('Microsoft.Compute/virtualMachines/', variables('vmName'))]"
      ],
      "properties": {
        "publisher": "Microsoft.Azure.Extensions",
        "type": "CustomScript",
        "typeHandlerVersion": "2.0",
        "autoUpgradeMinorVersion": true,
        "settings": {
          "fileUris": [
            "https://raw.githubusercontent.com/servicenowcmf/shellscripts/master/installubuntuapache.sh"
          ],
          "commandToExecute": "./installubuntuapache.sh"
        }
      }
    }
  ]
}